<?xml version="1.0" encoding="utf-8" ?>
<dwsync>
<file name="active-bg.gif" server="ftp.webtechnology.com.au//www/devel/" local="128762982460000000" remote="129729840000000000" />
<file name="dark-bg.gif" server="ftp.webtechnology.com.au//www/devel/" local="128762982460000000" remote="129729840000000000" />
<file name="hover-bg.gif" server="ftp.webtechnology.com.au//www/devel/" local="128762982460000000" remote="129729840000000000" />
<file name="menuarrow.gif" server="ftp.webtechnology.com.au//www/devel/" local="128762982460000000" remote="129729840000000000" />
<file name="normal-bg.gif" server="ftp.webtechnology.com.au//www/devel/" local="128762982460000000" remote="129729840000000000" />
<file name="rowhover-bg.gif" server="ftp.webtechnology.com.au//www/devel/" local="128762982460000000" remote="129729840000000000" />
<file name="status-bg.gif" server="ftp.webtechnology.com.au//www/devel/" local="128762982460000000" remote="129729840000000000" />
<file name="theme.css" server="ftp.webtechnology.com.au//www/devel/" local="128762982460000000" remote="129729840000000000" />
<file name="title-bg.gif" server="ftp.webtechnology.com.au//www/devel/" local="128762982460000000" remote="129729840000000000" />
</dwsync>