<?xml version="1.0" encoding="utf-8" ?>
<dwsync>
<file name="2011 - Aug- 01 plat additive.pdf" server="ftp.webtechnology.com.au//www/devel/" local="129684814980000000" remote="129689208600000000" />
<file name="2011 - Nov-01  CFS Monthly_Market_View_1111.pdf" server="ftp.webtechnology.com.au//www/devel/" local="129684800000000000" remote="129689208600000000" />
<file name="2011 -Nov-11 smu-euro-crisis-fallout.pdf" server="ftp.webtechnology.com.au//www/devel/" local="129684811940000000" remote="129689208600000000" />
<file name="2011 MLC_Insurance_Enjoy_Life.pdf" server="ftp.webtechnology.com.au//www/devel/" local="129684816640000000" remote="129689208600000000" />
<file name="2011 wealth_protection_family_strategy.pdf" server="ftp.webtechnology.com.au//www/devel/" local="129684816920000000" remote="129689208600000000" />
<file name="2011- Dec- 14 smu-what-next-eurozone.pdf" server="ftp.webtechnology.com.au//www/devel/" local="129684801560000000" remote="129689208600000000" />
<file name="2011-Nov-04-Olivers-Insights-Shares-and-the-long-term-how-long-is-long.pdf" server="ftp.webtechnology.com.au//www/devel/" local="129684813660000000" remote="129689209200000000" />
<file name="2011-Nov-24-Olivers-Insights-The-threat-from-Europe-how-big.pdf" server="ftp.webtechnology.com.au//www/devel/" local="129684813440000000" remote="129689209200000000" />
<file name="2011-Nov-30-Olivers-Insights-Why-the-RBA-should-cut-rates-again.pdf" server="ftp.webtechnology.com.au//www/devel/" local="129684813100000000" remote="129689209200000000" />
</dwsync>