<?xml version="1.0" encoding="utf-8" ?>
<dwsync>
<file name="L1_fp.html" server="ftp.webtechnology.com.au//www/devel/" local="129714199985468750" remote="129714271800000000" />
<file name="L1_im.html" server="ftp.webtechnology.com.au//www/devel/" local="129708249126875000" remote="129708322200000000" />
<file name="L1_pa.html" server="ftp.webtechnology.com.au//www/devel/" local="129708249127187500" remote="129708322200000000" />
<file name="L1_su.html" server="ftp.webtechnology.com.au//www/devel/" local="129708249127968750" remote="129708322200000000" />
<file name="L2_fp_pi.html" server="ftp.webtechnology.com.au//www/devel/" local="129715091225937500" remote="129715163400000000" />
<file name="L2_pa_sm.html" server="ftp.webtechnology.com.au//www/devel/" local="129712591252500000" remote="129712663800000000" />
<file name="L2_fp_cf.html" server="ftp.webtechnology.com.au//www/devel/" local="129714258551718750" remote="129714330600000000" />
<file name="L2_fp_rp.html" server="ftp.webtechnology.com.au//www/devel/" local="129714163979843750" remote="129714235800000000" />
<file name="L2_fp_se.html" server="ftp.webtechnology.com.au//www/devel/" local="129714166827656250" remote="129715152000000000" />
<file name="L2_fp_ts.html" server="ftp.webtechnology.com.au//www/devel/" local="129714282687343750" remote="129714354600000000" />
<file name="L2_fp_wc.html" server="ftp.webtechnology.com.au//www/devel/" local="129714183017500000" remote="129714255000000000" />
<file name="L2_im_ri.html" server="ftp.webtechnology.com.au//www/devel/" local="129714185668593750" remote="129714257400000000" />
<file name="L2_im_dv.html" server="ftp.webtechnology.com.au//www/devel/" local="129714187597656250" remote="129714259800000000" />
<file name="L2_im_mo.html" server="ftp.webtechnology.com.au//www/devel/" local="129714188710937500" remote="129714261000000000" />
<file name="L2_im_rp.html" server="ftp.webtechnology.com.au//www/devel/" local="129714189792656250" remote="129714262200000000" />
<file name="L2_pa_va.html" server="ftp.webtechnology.com.au//www/devel/" local="129714192309375000" remote="129714264000000000" />
<file name="L2_pa_id.html" server="ftp.webtechnology.com.au//www/devel/" local="129714195283906250" remote="129714267000000000" />
<file name="L2_su_is.html" server="ftp.webtechnology.com.au//www/devel/" local="129714198470625000" remote="129714270600000000" />
<file name="L2_pa_sb.html" server="ftp.webtechnology.com.au//www/devel/" local="129714259633593750" remote="129714331800000000" />
<file name="L2_su_ss.html" server="ftp.webtechnology.com.au//www/devel/" local="129714260541562500" remote="129714332400000000" />
<file name="L2_im_aa.html" server="ftp.webtechnology.com.au//www/devel/" local="129714352200000000" remote="129714352200000000" />
</dwsync>