<?xml version="1.0" encoding="utf-8" ?>
<dwsync>
<file name="altblue.html" server="ftp.webtechnology.com.au//www/devel/" local="128762982500000000" remote="129729837600000000" />
<file name="bugtest-hidden-selects.html" server="ftp.webtechnology.com.au//www/devel/" local="128762982500000000" remote="129729837600000000" />
<file name="calendar-blue.css" server="ftp.webtechnology.com.au//www/devel/" local="128762982460000000" remote="129729837600000000" />
<file name="calendar-blue2.css" server="ftp.webtechnology.com.au//www/devel/" local="128762982460000000" remote="129729837600000000" />
<file name="calendar-brown.css" server="ftp.webtechnology.com.au//www/devel/" local="128762982460000000" remote="129729837600000000" />
<file name="calendar-green.css" server="ftp.webtechnology.com.au//www/devel/" local="128762982460000000" remote="129729837600000000" />
<file name="calendar-handler.js" server="ftp.webtechnology.com.au//www/devel/" local="128762982500000000" remote="129729837600000000" />
<file name="calendar-handler_stripped.js" server="ftp.webtechnology.com.au//www/devel/" local="128762982500000000" remote="129729837600000000" />
<file name="calendar-setup.js" server="ftp.webtechnology.com.au//www/devel/" local="128762982500000000" remote="129729837600000000" />
<file name="calendar-setup_stripped.js" server="ftp.webtechnology.com.au//www/devel/" local="128762982500000000" remote="129729837600000000" />
<file name="calendar-system.css" server="ftp.webtechnology.com.au//www/devel/" local="128762982460000000" remote="129729838200000000" />
<file name="calendar-tas.css" server="ftp.webtechnology.com.au//www/devel/" local="128762982460000000" remote="129729838200000000" />
<file name="calendar-win2k-1.css" server="ftp.webtechnology.com.au//www/devel/" local="128762982460000000" remote="129729838200000000" />
<file name="calendar-win2k-2.css" server="ftp.webtechnology.com.au//www/devel/" local="128762982460000000" remote="129729838200000000" />
<file name="calendar-win2k-cold-1.css" server="ftp.webtechnology.com.au//www/devel/" local="128762982460000000" remote="129729838200000000" />
<file name="calendar-win2k-cold-2.css" server="ftp.webtechnology.com.au//www/devel/" local="128762982460000000" remote="129729838200000000" />
<file name="calendar.js" server="ftp.webtechnology.com.au//www/devel/" local="128762982500000000" remote="129729852000000000" />
<file name="calendar.php" server="ftp.webtechnology.com.au//www/devel/" local="128762982500000000" remote="129729838200000000" />
<file name="calendar_stripped.js" server="ftp.webtechnology.com.au//www/devel/" local="128762982500000000" remote="129729838200000000" />
<file name="ChangeLog" server="ftp.webtechnology.com.au//www/devel/" local="128762982500000000" remote="129729838200000000" />
<file name="dayinfo.html" server="ftp.webtechnology.com.au//www/devel/" local="128762982500000000" remote="129729838200000000" />
<file name="img.gif" server="ftp.webtechnology.com.au//www/devel/" local="128762982500000000" remote="129729838800000000" />
<file name="index.html" server="ftp.webtechnology.com.au//www/devel/" local="128762982500000000" remote="129729838800000000" />
<file name="menuarrow.gif" server="ftp.webtechnology.com.au//www/devel/" local="128762982500000000" remote="129729839400000000" />
<file name="menuarrow2.gif" server="ftp.webtechnology.com.au//www/devel/" local="128762982500000000" remote="129729839400000000" />
<file name="multiple-dates.html" server="ftp.webtechnology.com.au//www/devel/" local="128762982500000000" remote="129729839400000000" />
<file name="README" server="ftp.webtechnology.com.au//www/devel/" local="128762982500000000" remote="129729839400000000" />
<file name="release-notes.html" server="ftp.webtechnology.com.au//www/devel/" local="128762982500000000" remote="129729839400000000" />
<file name="simple-1.html" server="ftp.webtechnology.com.au//www/devel/" local="128762982500000000" remote="129729839400000000" />
<file name="simple-2.html" server="ftp.webtechnology.com.au//www/devel/" local="128762982500000000" remote="129729839400000000" />
<file name="simple-3.html" server="ftp.webtechnology.com.au//www/devel/" local="128762982500000000" remote="129729840000000000" />
<file name="test-position.html" server="ftp.webtechnology.com.au//www/devel/" local="128762982500000000" remote="129729840000000000" />
<file name="test.php" server="ftp.webtechnology.com.au//www/devel/" local="128762982500000000" remote="129729840000000000" />
</dwsync>